id,name,email

0,Tamara Nguyen,charles61@example.org

1,Tony Hurst,guygarcia@example.net

2,Bryan Reyes,henry90@example.net

3,Jennifer Murray,ubradshaw@example.net

4,Henry Klein,nhodges@example.com

5,Rebecca Baker,shelia61@example.net

6,Thomas Patterson,qkim@example.org

7,Melissa Lloyd,collierkyle@example.org

8,Steve Cantu,pwatkins@example.org

9,Brett Obrien,solismelanie@example.org

10,David Jones,kwilliams@example.net

11,Beverly Mccoy,mcgeeedwin@example.com

12,Elizabeth Moore,jennifersalazar@example.com

13,Mitchell Weaver,klinedanielle@example.net

14,Dawn Castillo,kiddrenee@example.org

15,Joseph Soto,stephenfarmer@example.com

16,Emma Ford,jenniferarmstrong@example.com

17,Jessica Gamble,sedwards@example.com

18,Lisa Arnold,reedallison@example.org

19,Michael Williams,codykaufman@example.net

20,Marc Arnold,markparker@example.net

21,Steven Williams,gwillis@example.com

22,Erik Guzman,bprice@example.com

23,Angela Haynes,joshua38@example.net

24,Hunter Campbell,jchang@example.com

25,Cassandra Poole,jaredfisher@example.com

26,Robin Moore,ashley48@example.com

27,Mrs. Nancy Shelton DDS,ian35@example.net

28,Angela Morrison,charleswilson@example.org

29,Marisa Waters,allenjennifer@example.org

30,Raymond Jones,lhoward@example.org

31,John Arnold,david57@example.com

32,Christopher Perez,uchristian@example.net

33,Alan Graham,sheilapacheco@example.net

34,Jeffrey Roth,davisraymond@example.com

35,Shannon Pearson,pamelamoore@example.org

36,Hunter Wright,vturner@example.com

37,David Brennan,james20@example.org

38,Christine Smith,sreed@example.org

39,Travis Tucker,hinescarlos@example.org

40,Kara Crawford,garciajoseph@example.com

41,Jennifer Miranda,dawnmedina@example.org

42,David Cervantes,ashley50@example.org

43,Andrew Dunn,jessica15@example.org

44,Elizabeth Rivera,xcombs@example.net

45,Charles Castro,tbauer@example.net

46,Michael Smith,singletonbrett@example.com

47,Benjamin Scott,dominguezmichelle@example.net

48,Janet Leonard,tkelly@example.com

49,Shirley Cooper,ihuynh@example.org

50,Hannah Chavez,kkrueger@example.net

51,Mr. Andrew Moore,rogerstracy@example.com

52,Sonya Wilson,younganthony@example.net

53,Larry Dominguez,thomas75@example.com

54,Tina Coleman,carolynbowers@example.org

55,Karen Miller,tammydavis@example.net

56,Derek Gonzalez,michael00@example.com

57,Amanda Gordon MD,elizabeth69@example.org

58,Melissa Fisher,vickipatterson@example.net

59,Terry Gibson,eroberts@example.org

60,Alexis Moore,brownsteve@example.org

61,Gabrielle Matthews,leekristina@example.com

62,Ryan Woodard,shawnstrong@example.org

63,Sandra Patterson,pgalloway@example.com

64,Thomas Marshall,christopherwashington@example.org

65,Tara Wade,barbaraholmes@example.com

66,Natalie Graham,ashleypham@example.com

67,Christopher Coleman,tina30@example.net

68,Gregory King,jose95@example.net

69,Joshua Jenkins,howardmitchell@example.org

70,Megan Thompson,durhamemily@example.net

71,Lawrence Patel,amandamason@example.net

72,Laura Knight,mooreamber@example.com

73,Randy Parks,pallen@example.net

74,Jeremy Smith,markwilliams@example.com

75,Michael Taylor,matthew80@example.org

76,Daniel Marshall,edward14@example.org

77,Sydney Arnold,christian89@example.net

78,Renee Cunningham,benjaminbrandy@example.net

79,Allen Sanchez,amber20@example.com

80,James Pearson,jessica04@example.com

81,Melissa Davis,jeffrey83@example.net

82,Catherine Rich,lorilong@example.org

83,Brooke White,wphillips@example.net

84,Christopher Murray,melissarivera@example.org

85,Dr. Michael Oneal DDS,jessicalang@example.org

86,Andrew Brewer,katrinawilson@example.net

87,Gina Cox,sharon17@example.net

88,Kevin Webb,tadams@example.net

89,Ryan Miller,denniswhite@example.org

90,Matthew Barr,michael68@example.net

91,Meredith Roberson,theodore90@example.net

92,Vincent Johnson,summer38@example.com

93,Andrew Griffin,campbelltravis@example.net

94,Sherry Hoffman,steven14@example.com

95,Eric Johnson,meltonmeredith@example.org

96,Connor Diaz,millerjeffrey@example.com

97,Julian Evans,jacksonalexandra@example.org

98,Jillian Horne,ajohnson@example.org

99,Amy King,rushandrew@example.net

