first_name,last_name,email,bio

Matthew,Morgan,thomaspalmer@example.org,Knowledge ahead team age. Try job worry girl. Commercial summer community ground.

William,Jones,xmorales@example.net,"Law clearly method future become condition.
Look important agree put treat edge race. Give it alone. Act loss budget message least wish arm career."

Tammy,Acosta,weaverjoel@example.com,Body agree discuss see front oil. Magazine low young miss.

Julia,Sullivan,dale26@example.org,Until decide million learn ball south seem. Book while teacher. Serious picture final president play treat last.

Sara,Callahan,edwardwilliams@example.org,"Speak upon public many federal. Medical behavior economic site price same thousand.
Including whether room. Collection other hour offer hour where.
Health painting win good everyone nature foot."

Rebecca,Hart,mblake@example.com,"Throw it face good Congress police. Product theory house page guess grow trial past.
Land citizen he himself despite base. Several bar account their pressure."

Jamie,Chapman,smithmarie@example.com,"Better year property important care. Economy carry shake answer.
Yard front sister call. Benefit best tend assume. Interest movie citizen figure amount."

Patrick,Gray,xlopez@example.net,Use western remember information help him eight nothing. Author significant eat still low economy. Candidate skin such than. Do small Congress probably energy hundred find.

Wayne,Mitchell,nicoleclark@example.net,"Themselves require rise. Front radio his push. Model again energy image ahead lot resource down.
Spring final resource stage. His yet meeting then really coach. Eye yourself perhaps well I long."

Stacey,Jones,reneehess@example.org,"History all walk off. Customer include seek significant start campaign.
In help to available. Education establish ahead marriage. Direction picture authority few new."

Natasha,Smith,brownjulie@example.net,Statement common director probably drive which. Site water page home half. Political check as if most.

Kim,Johnson,robertsonkathryn@example.org,"Future remain kitchen street now message. Bag treat see ten especially suffer.
Him sign free task other fall line. Rather help home speech street."

Jeremy,Ortega,danielwall@example.com,Prove each personal. Tax center city simple open responsibility. Wish against free other doctor customer land.

Gregory,Chavez,shannonmaynard@example.net,"Shake another institution human. Also significant move among despite help key person. How room travel movement major common huge.
Late and the. Poor surface attorney her camera weight worry."

Timothy,Bell,gordondarlene@example.com,"Cell late store. House maintain business shake measure face. Southern risk note against skill local grow art.
Catch answer radio. Pretty what whose agent painting despite seat."

Tamara,Delgado,johnsonmarisa@example.net,Rest floor often chair notice whether. When travel prevent Democrat information. Save foot experience yard woman.

Kelly,Humphrey,vstephens@example.com,"Why despite argue discuss marriage discussion.
Kitchen say return southern task station. Sense yourself of campaign.
Chair fight think threat walk player. Tax art their Congress send edge recently."

Kimberly,Smith,spencer89@example.net,"Probably director happen itself political. Police later kind family.
Health hand thank. Value manager wonder."

Peter,Johnson,sanchezwanda@example.com,Time nice describe adult responsibility. Scene worry girl buy find growth. Political trouble reality rock air another.

Elizabeth,Torres,uowens@example.org,Myself imagine degree country east bank weight. Production these sport main wish must. Whose save catch speech sea beyond.

Randy,Wilson,melissa25@example.net,Require pattern school occur claim religious attorney. Push poor though leader agent anything. Home health play per. People drop deep beyond student.

Mary,Diaz,eflores@example.net,"Happen their condition growth local nothing benefit. Plant push them me word.
Agree accept whatever day. Full choice character assume nature heavy."

Julie,Carpenter,renee06@example.net,"Tree garden open thought. Debate audience hot others response prepare music. Specific down answer offer us specific.
Forget before against happen place least leg."

Richard,Washington,reedcourtney@example.net,"Program indeed maybe there food pressure though. Walk personal necessary provide you. Under each level edge most seat.
Home allow sea claim represent. Not ball stand language."

Jeffrey,Craig,johnny07@example.org,Report hope even check message house society. Third crime political chance star man give.

David,Bryant,xcampbell@example.com,Fire population set majority space. Meeting moment program daughter floor manage bar.

Lawrence,Padilla,turnermichael@example.com,"Friend property your this style remain. Again good building member sing idea Republican say.
Relate design dog growth. Information enter continue resource."

Amanda,Peterson,smithjeffrey@example.com,"Bit so resource production. Through avoid seem show language current interview. Program suddenly computer discover.
Place to over us ok age reflect. Pick behavior design understand."

Breanna,Irwin,maria32@example.com,"Lot pass million face whether mind score. Information couple hope style agreement team.
Read garden without candidate green apply while military. My do possible allow difficult medical."

Donna,Thompson,patrick35@example.net,"Little world per since citizen vote once tonight. Offer power daughter example investment war continue.
See present size pick. Hundred effect magazine mean law employee toward subject."

Karen,Williams,gonzalezdustin@example.com,Health offer ask economic these soldier. Perform ago operation meeting. Where important report similar memory either recognize. Future poor at particularly heart.

Megan,Allen,zzuniga@example.com,"Remember amount start. Conference mean number six let. Off your feel action. Southern power adult professor sing nor.
Raise car pull. Nearly her like space. Himself although professor pretty against."

Amy,Perez,jillrodriguez@example.com,"Price difficult bad civil. Live business character data American.
Real leg name area tonight pass. Especially nice final strong begin media."

Gina,Anderson,wrightfrancis@example.com,"Project response although modern court some. Which notice take social film.
Sort require card end. Push crime physical me behind both PM fund. Threat left far current few respond create all."

Norma,Leonard,zclark@example.com,Mr right reflect argue real participant wind. Still writer defense majority example sometimes.

Tanya,Rivera,jeffthompson@example.com,"Story defense ready sea I school. Goal father glass shake. Industry current arrive pull big class.
Yourself light remain staff rich dinner. Miss have back environmental head decade."

Keith,Sanders,fmeyers@example.com,"Mouth without again. Perhaps a environmental. Agree statement four little to always staff.
See offer me recently.
Level since crime majority."

Walter,Dennis,deborahsummers@example.net,My wait only. Meet style upon true authority most whom. Front international tell.

Sheila,Orozco,ericthomas@example.org,Worry leave rule field item rock. Degree soldier answer remain soldier material eye. Now similar myself.

Olivia,Brown,kingchristina@example.com,"Treat evening case left. Hair without themselves able west work within word.
Soldier your better imagine. There finally fact perhaps.
Stand heavy scene friend."

Bobby,Snyder,abigailsosa@example.net,"Up expert person tend third. Book friend or bank strategy capital. Chance big knowledge fall risk care.
Management make bed usually. Music morning much movie school determine. Choose send yard."

Destiny,Zuniga,edwardsmith@example.net,"This call partner region themselves. Set chance foot war.
Fill join office recent treat figure. Fine professor smile choice. Should him health sea who later material."

Jeremy,Fox,xsmith@example.org,"Fight line generation boy minute. Build beautiful those face federal. Anyone think next.
Energy pretty company here. Second class blue catch card back day."

Kimberly,Davis,ohamilton@example.org,"Ahead call interesting until. Stop wide develop. Guess environmental alone save store walk industry.
Between say color science will cup. Interesting bring none hair I choose."

James,Novak,anita77@example.com,"Side heavy food. Democratic stand age member forget.
South arm family me rate part. Up thank than case kitchen stage."

Donna,Scott,williamsjames@example.net,Attention hand participant true action board. Find without almost church bit democratic. Remember would finally hour talk most. Read board already itself.

Cheryl,Lambert,ramosmichael@example.com,"Without box quality spend.
Little catch tend house from so indeed. Board shoulder include bad tonight and address."

Rebecca,Johnston,ybruce@example.com,"Number everything generation follow. Still this free right.
Avoid long answer institution grow list fire. Common address mind guy reach."

Lindsey,Dominguez,franklinjennifer@example.com,"Up shake difference political possible since worry. Successful result close firm least what ahead street.
Doctor citizen become as. Several hear those race it.
Sing drop mother. Ball work writer."

Matthew,Palmer,wisejoshua@example.com,"Glass ever religious life news. Often note dream rich. Follow bill cover because mother well set well.
Street city successful risk."

Anne,Stewart,carolyn93@example.org,"House wish population employee note TV race. Billion science answer science cover. Approach simple large player onto.
Commercial certain hair. Later information impact."

Tyler,Weber,taylor29@example.net,"Son manager road although stay. Myself career turn company.
Design daughter most coach style nothing both. Lot pattern middle hair until son less yes. Life job run much tonight space turn."

Kylie,Kidd,qzuniga@example.com,"Usually man leader. Able everyone reach face seek everyone.
Our sister blood world. He day itself these participant into. Mention per through key."

Justin,Hickman,sanderslauren@example.org,"End out per impact report improve shoulder. Statement everybody for forward between deep. Admit hospital interview audience improve.
Charge growth special large. Son woman pressure term pattern."

Matthew,Mcdaniel,keith05@example.org,Suffer through eat hospital style. Maybe morning authority player. Some maybe opportunity individual challenge evidence.

Ashley,Torres,gabrielabutler@example.com,"Work step Mrs responsibility top special onto. Hand training raise design.
Smile Mrs six our already positive business. Large thing various list face me. Arm space about meet activity also."

Sheila,Swanson,woodsdiana@example.net,Like significant cultural finish conference window ground own. Though security leave get individual class size somebody. While seat number outside.

Kyle,George,lisa39@example.org,Her station green true remain performance. Answer the relationship many day. Figure still eight husband heart animal.

Paul,Baker,brianparsons@example.org,"Stand take important network.
She player agree they nice treatment me.
Road save treatment start let. Measure thus I population much society."

Natasha,Smith,cjones@example.com,Interesting third technology method night similar nothing. Card democratic thank eye less network. Crime today manager turn see.

Anna,Sanders,victoria69@example.com,Military bill state everybody write stop back. Speech stand against shoulder seat yard behavior. Me half future similar must stage agent strategy.

Paul,Freeman,michael60@example.org,Nearly go seek newspaper drop matter parent. Fine paper compare true each rich. Her doctor trial ball agency note happy.

Adam,Fry,james03@example.org,Option realize many exactly establish head main. Theory number make car special lot science heavy. Lead listen enjoy focus again exactly apply.

Jeffrey,Anderson,castanedamaurice@example.org,Current treatment law describe manager throughout. Probably authority move itself general white physical. Certain full become challenge course until.

Melissa,Baker,jose83@example.net,Turn model involve sea cultural teacher debate. Son almost human measure computer gun themselves entire. Commercial yet identify box themselves.

Russell,Serrano,nathanielortega@example.org,"Could security actually. Many exist keep although this.
Writer computer over difficult evening focus. Goal dinner physical technology investment list.
Center necessary full. Own thus today."

Alexander,Mayer,evansjoshua@example.com,Authority surface various civil word staff conference. Send force window. Point eye thing plan career argue top.

James,Chapman,estradabrianna@example.com,"American politics little radio time. They no imagine pattern all fast technology.
Do if yes seek. Amount need by clearly sort.
Have forget we only office decade. Customer fear painting."

Jamie,Robertson,ischroeder@example.net,"Their large newspaper wish. Perhaps simple sing here bag appear. Audience together economy power mind.
Consider business catch cold tend so will. Material research career understand."

Todd,Harding,damonfry@example.org,"Democratic action rate ahead value easy democratic. Design these back site choose base.
Major huge every country head board no. Subject at group someone case conference."

Jennifer,Anderson,pjuarez@example.net,Home discuss of still per increase. Who knowledge still all involve. Read bag upon beat.

Kimberly,Leon,melaniestanley@example.net,Will hold day window. Despite decide must international travel. Commercial use box event current charge must.

Susan,King,dspears@example.net,"Wind common go foot use wall reality. Tonight smile realize participant network. Water person hope respond among.
Word special finish trade at. Brother know system scientist nice drug firm."

Melissa,Morgan,shannonschneider@example.net,Manager no long listen someone social. Worker beyond new spring especially record.

Amanda,Levine,nicholas50@example.org,Mr will market wrong center. Hope early relationship often maybe yes across. Investment focus brother management interview work four.

Rose,Davis,uhartman@example.com,Training more drop expert. Make nor nearly as recent. Practice community seem since. Perhaps gas girl crime.

Mackenzie,Johnson,thomasemily@example.net,Watch property push as. Quality right rule together write represent. Short visit example see break safe serious.

Carlos,Benton,xrollins@example.com,Physical share choice figure some network business. Job either significant save sure many first. Long brother those enter determine compare.

Angel,Thompson,qcollins@example.net,Case have speech toward. Middle issue project hot effort responsibility. Do floor meeting social ok. Together go yourself attorney air leg of.

Carrie,Ruiz,vrodriguez@example.net,"Break style need environmental her. Occur put answer.
Attention organization participant sell head few quality popular. Despite question meet brother movie."

Janice,Johnson,johnsonjennifer@example.net,Bar subject safe likely above industry heart. Even create include. Chair to performance clearly season through child heavy. South level next together attack item.

Leslie,Mcbride,marissa09@example.com,"Just successful skin affect. Maintain act prepare difficult order hospital. Media establish call week war all truth as. Wonder there produce usually machine.
Majority who but sense bag page field."

David,Smith,patrickjorge@example.org,Hard low significant customer parent moment. Discuss true president picture.

Shannon,Rose,brianmathews@example.net,"Special form let. List brother realize pick act sound though. Want certainly table baby plant teach industry.
Boy design morning number possible party. New effect cold executive audience fire assume."

Nicholas,Knight,karen95@example.com,"Economy each arm feeling compare. Continue imagine keep fear front.
Me task industry score note. Upon window what add model arrive. He work common father kid."

Elizabeth,Turner,ahaney@example.net,Show indicate best hand describe pretty. Move receive threat black force. Quite give anyone finish.

Bobby,Sullivan,jackjones@example.org,Speech two picture despite visit. Growth painting test rather physical two himself. Order happy street of statement.

Laura,Nguyen,williamsashley@example.com,"Professional since value stand organization foot enter. Business process anything. Big bit short minute pay see.
Teach early majority enjoy activity discover painting tax."

Adrienne,Davis,michaelgibson@example.org,"Lead ability painting study voice agreement turn. Grow itself also.
Consider international kid number interest century get.
Event cold shake by over. First thank animal travel. Too lawyer art."

Lindsey,Gonzalez,zclay@example.org,"Question each commercial whole decision day. How behavior order position hundred none.
Dinner recently economy goal material ground. Rise force prove. Provide career company during hear I own."

Christopher,Flores,gward@example.org,"Miss region magazine most address claim manage. Ahead hit describe court run.
Tough human land sometimes blue during building dinner."

Douglas,Turner,qdeleon@example.org,Him control language way charge mother list ground. Reality woman population break long partner.

Scott,Cook,yreynolds@example.org,Beautiful option arrive order office. Popular can end city.

Daniel,Cline,barbaramartin@example.net,"Could general often one city score risk clear. Spend either design. This he agree.
Here most product according heavy smile day road. Owner wish season thing run short use candidate."

Janet,Johnson,keith86@example.org,"Well model what carry wrong standard. Fish reflect career to interesting.
Rest page into probably. Good care behavior order challenge."

Heidi,Medina,thomaschristine@example.com,"Management score treat understand. North laugh better onto deal president. Seat want accept million successful human soldier.
Box keep reach two lay. Exactly anyone share large. Hope window thank."

Antonio,Hanson,qbyrd@example.com,"Hour society leave foot. Force strong institution image campaign store.
Marriage decide within. Claim billion animal bank off drop include. Dark identify option everyone indicate garden total."

Paul,Cunningham,jennifer49@example.org,"Pass space quickly production just may. Fill blue you.
Onto growth away still west anything wrong. Man should watch strategy near beautiful."

Anne,Rivera,bowmandwayne@example.com,Assume long history social front. Bill of method author her two. Cover eight talk organization seven business table.

Steve,Smith,millertyler@example.org,Each sound organization believe these two. Dark quickly stage let forward indicate represent. Enter order beautiful read Republican.

